lga_code,lga_name,area_sqkm,mode,has_service,mode_count,n_stops,n_routes,n_trips,n_stop_events,weekday_stop_events,weekend_stop_events,first_service_hour,last_service_hour,service_span_hours,stop_density,route_density,events_per_stop,weekend_weekday_ratio,coverage_gap,frequency_gap,service_gap,weekend_weekday_gap,mode_diversity_gap,overall_score
20110,Alpine,4788.157,All,TRUE,1,22,6,147,423,353,70,6.3,22.2,15.899999999999999,0.004594669723653589,0.0012530917428146152,19.227272727272727,0.19830028328611898,99.87483712337118,70.79815438924197,69.0119760479042,80.16997167138811,66.66666666666667,78.49613883844235
20110,Alpine,4788.157,Bus,TRUE,1,22,6,147,423,353,70,6.3,22.2,15.899999999999999,0.004594669723653589,0.0012530917428146152,19.227272727272727,0.19830028328611898,99.86136830447126,69.30881709641037,69.0119760479042,80.16997167138811,66.66666666666667,78.12043731050946
20110,Alpine,4788.157,Train,FALSE,1,0,0,0,0,0,0,NA,NA,0,0,0,0,0,100,100,100,100,66.66666666666667,100
20110,Alpine,4788.157,Tram,FALSE,1,0,0,0,0,0,0,NA,NA,0,0,0,0,0,100,100,100,100,66.66666666666667,100
20260,Ararat,4211.1172,All,TRUE,2,90,16,600,1855,1073,782,5.966666666666667,23.75,17.78333333333333,0.021372000760273308,0.003799466801826366,20.61111111111111,0.7287977632805219,99.31550279348126,69.82481242407268,60.55389221556887,27.12022367194781,33.333333333333336,63.46389079829443
20260,Ararat,4211.1172,Bus,TRUE,2,89,15,410,1665,973,692,5.966666666666667,22.133333333333333,16.166666666666664,0.02113453408515916,0.003562000126712218,18.707865168539325,0.71120246659815,99.25054137587067,69.710957232927,67.81437125748504,28.879753340184998,33.333333333333336,65.13521190472417
20260,Ararat,4211.1172,Train,TRUE,2,1,1,190,190,100,90,6.166666666666667,23.75,17.583333333333332,2.374666751141479e-4,2.374666751141479e-4,190,0.9,99.97613583990088,29.73199785087193,28.908355795148257,9.999999999999998,33.333333333333336,44.70870458172285
20260,Ararat,4211.1172,Tram,FALSE,2,0,0,0,0,0,0,NA,NA,0,0,0,0,0,100,100,100,100,33.333333333333336,100
20570,Ballarat,739.0321,All,TRUE,2,615,33,11418,254407,129315,125092,3.9166666666666665,29.583333333333332,25.666666666666664,0.8321695363435498,0.044652999511117314,413.669918699187,0.9673433089742103,79.58141835928095,26.372040545137335,25.14970059880241,3.265669102578972,33.333333333333336,37.008155211251896
20570,Ballarat,739.0321,Bus,TRUE,2,613,30,10290,252236,128036,124200,3.9166666666666665,29.583333333333332,25.666666666666664,0.8294632939489367,0.040593635919197554,411.4779771615008,0.9700396763410291,77.43945840619706,22.698836475142855,25.14970059880241,2.9960323658970944,33.333333333333336,35.51391869498002
20570,Ballarat,739.0321,Train,TRUE,2,2,3,1128,2171,1279,892,4.383333333333334,25.85,21.46666666666667,0.0027062423946131705,0.004059363591919755,1085.5,0.6974198592650508,99.72837186970762,6.474080256002783,13.207547169811317,30.25801407349492,33.333333333333336,38.7308245764141
20570,Ballarat,739.0321,Tram,FALSE,2,0,0,0,0,0,0,NA,NA,0,0,0,0,0,100,100,100,100,33.333333333333336,100
20660,Banyule,62.5402,All,TRUE,3,583,33,24127,378489,266485,112004,2.4833333333333334,28.5,26.016666666666666,9.32200408697126,0.5276606086964865,649.2092624356775,0.4203013302812541,21.199281884594914,19.75601742862918,23.57784431137726,57.96986697187458,0,23.64987373636266
20660,Banyule,62.5402,Bus,TRUE,3,557,31,18555,349101,246750,102351,2.4833333333333334,27.25,24.766666666666666,8.906271486180088,0.49568117786639637,626.7522441651705,0.4147963525835866,14.257220004250936,16.20680471104148,29.191616766467078,58.52036474164134,0,22.232384243362723
20660,Banyule,62.5402,Train,TRUE,3,19,1,1941,16726,11048,5678,3.4166666666666665,27.016666666666666,23.599999999999998,0.3038045928858558,0.015989715415045045,880.3157894736842,0.5139391745112237,73.33691749218977,9.274229337807427,4.582210242587613,48.60608254887763,0,28.860141138348467
20660,Banyule,62.5402,Tram,TRUE,3,7,1,3631,12662,8687,3975,2.8166666666666664,28.5,25.683333333333334,0.1119280079053153,0.015989715415045045,1808.857142857143,0.45758029239092896,95.3041172907186,8.16939854824238,2.5916561314791413,54.24197076090711,0,34.523005800172136
20740,Bass Coast,865.8094,All,TRUE,1,223,12,380,5591,3909,1682,5.183333333333334,23.7,18.516666666666666,0.2575624612068199,0.013859863383326631,25.071748878923767,0.4302890764901509,92.29022097575567,67.0648517849175,57.260479041916184,56.97109235098491,66.66666666666667,69.83652785119926
20740,Bass Coast,865.8094,Bus,TRUE,1,223,12,380,5591,3909,1682,5.183333333333334,23.7,18.516666666666666,0.2575624612068199,0.013859863383326631,25.071748878923767,0.4302890764901509,91.4605690834949,65.38511054063157,57.260479041916184,56.97109235098491,66.66666666666667,69.20917956706259
20740,Bass Coast,865.8094,Train,FALSE,1,0,0,0,0,0,0,NA,NA,0,0,0,0,0,100,100,100,100,66.66666666666667,100
20740,Bass Coast,865.8094,Tram,FALSE,1,0,0,0,0,0,0,NA,NA,0,0,0,0,0,100,100,100,100,66.66666666666667,100
20830,Baw Baw,4027.6287,All,TRUE,2,190,12,3402,37107,19027,18080,3.5,26.45,22.95,0.04717415982262714,0.002979420620376451,195.3,0.9502286224838388,98.47297482384832,37.37157948476519,37.35029940119762,4.977137751616123,33.333333333333336,47.17776912013532
20830,Baw Baw,4027.6287,Bus,TRUE,2,185,10,2459,32464,16474,15990,3.5,26.333333333333332,22.833333333333332,0.045932734564136955,0.002482850516980376,175.48108108108107,0.9706203714944761,98.35302090654687,35.822701606094554,37.874251497006,2.937962850552389,33.333333333333336,46.55947535514441
20830,Baw Baw,4027.6287,Train,TRUE,2,5,2,943,4643,2553,2090,4.966666666666667,26.45,21.483333333333334,0.001241425258490188,4.965701033960752e-4,928.6,0.81864473168821,99.87530581894733,8.560637127818602,13.140161725067385,18.135526831179007,33.333333333333336,37.45734710638181
20830,Baw Baw,4027.6287,Tram,FALSE,2,0,0,0,0,0,0,NA,NA,0,0,0,0,0,100,100,100,100,33.333333333333336,100
20910,Bayside (Vic.),37.2111,All,TRUE,3,484,27,17291,260618,183322,79782,3.6,32.516666666666666,28.916666666666664,13.006871605515558,0.7255899449357852,538.4669421487604,0.4352014488168359,10.890075188740337,22.502270120657705,10.553892215568885,56.479855118316415,0,18.930843038210746
20910,Bayside (Vic.),37.2111,Bus,TRUE,3,457,23,10684,228760,161800,69446,5.666666666666667,32.516666666666666,26.849999999999998,12.281281660579772,0.6180951382786318,500.5689277899344,0.4292088998763906,3.2905800167898267,19.675782192507288,19.835329341317383,57.07911001236094,0,18.2705229224419
20910,Bayside (Vic.),37.2111,Train,TRUE,3,17,3,3968,17424,11507,5917,3.6,27.133333333333333,23.53333333333333,0.4568529282929018,0.08062110499286503,1024.9411764705883,0.5142087425045624,62.181479069539904,7.241357106574053,4.851752021563354,48.57912574954376,0,25.612928310772727
20910,Bayside (Vic.),37.2111,Tram,TRUE,3,10,1,2639,14434,10015,4419,5.116666666666666,26.116666666666667,21,0.2687370166428834,0.026873701664288343,1443.4,0.44123814278582124,89.46492954818031,10.93072929719777,20.353982300884958,55.87618572141788,0,37.551139029734195
21010,Benalla,2352.6398,All,TRUE,2,57,7,368,1389,1207,182,5.916666666666667,21.25,15.333333333333332,0.024228103256605623,0.00297538110168841,24.36842105263158,0.1507870753935377,99.2212000550562,67.4670859878648,71.55688622754492,84.92129246064624,33.333333333333336,73.72164262533617
21010,Benalla,2352.6398,Bus,TRUE,2,56,6,327,1348,1193,155,5.916666666666667,21.25,15.333333333333332,0.02380304881350728,0.0025503266585900656,24.071428571428573,0.12992455993294216,99.15291936186745,65.98990335552239,71.55688622754492,87.00754400670579,33.333333333333336,73.64821452586231
21010,Benalla,2352.6398,Train,TRUE,2,1,1,41,41,14,27,8.05,20.4,12.349999999999998,4.2505444309834427e-4,4.2505444309834427e-4,41,1,99.9572882545366,49.99525817376492,50.06738544474395,0,33.333333333333336,52.50161369602417
21010,Benalla,2352.6398,Tram,FALSE,2,0,0,0,0,0,0,NA,NA,0,0,0,0,0,100,100,100,100,33.333333333333336,100
21110,Boroondara,60.1776,All,TRUE,3,705,48,38760,706067,500727,205340,2.283333333333333,27.666666666666668,25.383333333333333,11.715322644970886,0.7976389885937625,1001.5134751773049,0.4100837382445924,14.157068497488059,13.387685553499564,26.422155688622762,58.991626175540766,0,21.019363576802572
21110,Boroondara,60.1776,Bus,TRUE,3,433,39,16044,268273,204028,64245,2.3833333333333333,27.366666666666667,24.983333333333334,7.195368376272899,0.648081678232432,619.568129330254,0.31488325131844647,21.34913849250163,16.38473580755595,28.2185628742515,68.51167486815535,0,25.353932380087997
21110,Boroondara,60.1776,Train,TRUE,3,31,3,4667,29589,18452,11137,3.033333333333333,27.633333333333333,24.6,0.5151418468001383,0.049852436787110155,954.483870967742,0.6035660091047041,58.238552505642915,8.193214313783937,0.5390835579514806,39.64339908952959,0,22.662268279876447
21110,Boroondara,60.1776,Tram,TRUE,3,241,6,18049,408205,278247,129958,2.283333333333333,27.666666666666668,25.383333333333333,4.004812421897849,0.09970487357422031,1693.7966804979253,0.4670598425140253,28.72221177681472,8.973545039747934,3.7294563843236443,53.29401574859747,0,18.16393284329501
21180,Brimbank,123.3991,All,TRUE,2,838,57,31327,402782,260276,142526,0.9666666666666667,32.233333333333334,31.26666666666667,6.790973353938561,0.46191584865691887,480.64677804295945,0.5475956292550984,30.69940953003295,24.169772825597754,0,45.24043707449016,33.333333333333336,25.503361150081197
21180,Brimbank,123.3991,Bus,TRUE,2,815,48,23797,372069,242758,129331,0.9666666666666667,32.233333333333334,31.26666666666667,6.604586257112086,0.388981767290037,456.52638036809816,0.5327569019352606,24.14768154355764,21.09652696552411,0,46.72430980647394,33.333333333333336,23.319698598241526
21180,Brimbank,123.3991,Train,TRUE,2,23,9,7530,30713,17518,13195,3.6333333333333333,27.4,23.766666666666666,0.18638709682647603,0.07293408136688193,1335.3478260869565,0.753225254024432,82.82213384054519,3.7049952420839665,3.9083557951482555,24.677474597556802,33.333333333333336,31.115074619320463
21180,Brimbank,123.3991,Tram,FALSE,2,0,0,0,0,0,0,NA,NA,0,0,0,0,0,100,100,100,100,33.333333333333336,100
21270,Buloke,7998.247,All,TRUE,1,21,11,121,424,312,112,5.8,27.2,21.4,0.0026255753291940095,0.001375301362911148,20.19047619047619,0.358974358974359,99.9410957785286,70.11391766042946,44.31137724550899,64.1025641025641,66.66666666666667,70.99141342422593
21270,Buloke,7998.247,Bus,TRUE,1,21,11,121,424,312,112,5.8,27.2,21.4,0.0026255753291940095,0.001375301362911148,20.19047619047619,0.358974358974359,99.9347570756096,68.58968328297757,44.31137724550899,64.1025641025641,66.66666666666667,70.60877015413321
21270,Buloke,7998.247,Train,FALSE,1,0,0,0,0,0,0,NA,NA,0,0,0,0,0,100,100,100,100,66.66666666666667,100
21270,Buloke,7998.247,Tram,FALSE,1,0,0,0,0,0,0,NA,NA,0,0,0,0,0,100,100,100,100,66.66666666666667,100
21370,Campaspe,4519.073,All,TRUE,2,140,18,595,3304,2213,1091,5.25,22.783333333333335,17.533333333333335,0.030979804929019732,0.003983117776588252,23.6,0.4929959331224582,98.99931399694962,67.91949827690519,61.67664670658682,50.700406687754175,33.333333333333336,66.6700934129442
21370,Campaspe,4519.073,Bus,TRUE,2,138,17,483,3080,2093,987,5.25,22.783333333333335,17.533333333333335,0.030537236287176594,0.003761833455666682,22.318840579710145,0.47157190635451507,98.90769006962378,67.11014482958339,61.67664670658682,52.84280936454849,33.333333333333336,66.76620947080143
21370,Campaspe,4519.073,Train,TRUE,2,2,1,112,224,120,104,7.383333333333334,21.733333333333334,14.350000000000001,4.4256864184313903e-4,2.2128432092156952e-4,112,0.8666666666666667,99.95552872340578,36.75422615448583,41.98113207547169,13.33333333333333,33.333333333333336,49.57366513456724
21370,Campaspe,4519.073,Tram,FALSE,2,0,0,0,0,0,0,NA,NA,0,0,0,0,0,100,100,100,100,33.333333333333336,100
21450,Cardinia,1282.5671,All,TRUE,2,371,28,8255,110919,62621,48298,3,27.433333333333334,24.433333333333334,0.28926361825435876,0.021831216472027078,298.97304582210245,0.7712748119640376,91.44946642569616,31.134488425265353,30.688622754491025,22.872518803596243,33.333333333333336,45.21459108417802
21450,Cardinia,1282.5671,Bus,TRUE,2,355,25,5403,96761,54098,42663,3,25.666666666666668,22.666666666666668,0.2767886374132005,0.01949215756430989,272.5661971830986,0.7886243484047469,90.89303435895042,29.046738977520093,38.622754491017965,21.137565159525305,33.333333333333336,45.880129006250016
21450,Cardinia,1282.5671,Train,TRUE,2,16,3,2852,14158,8523,5635,3.2,27.433333333333334,24.233333333333334,0.01247498084115833,0.0023390589077171868,884.875,0.6611521764636865,98.75393700605008,9.20519781632601,2.0215633423180592,33.88478235363135,33.333333333333336,37.47681372710233
21450,Cardinia,1282.5671,Tram,FALSE,2,0,0,0,0,0,0,NA,NA,0,0,0,0,0,100,100,100,100,33.333333333333336,100
21610,Casey,409.4287,All,TRUE,2,1378,57,23714,512421,289431,241086,3.15,31.183333333333334,28.033333333333335,3.365665377146253,0.13921837917078114,371.85849056603774,0.832965369984556,50.25927756580146,27.935310045468103,14.520958083832339,16.703463001544407,33.333333333333336,29.95835796981552
21610,Casey,409.4287,Bus,TRUE,2,1365,54,19896,501003,282267,236832,4.416666666666667,31.183333333333334,26.766666666666666,3.333913816984496,0.13189109605652952,367.03516483516484,0.8390353813942119,45.17970211508484,24.46118251425703,20.209580838323365,16.096461860578813,33.333333333333336,28.866606604086964
21610,Casey,409.4287,Train,TRUE,2,13,3,3818,11418,7164,4254,3.15,27.166666666666668,24.01666666666667,0.031751560161757106,0.007327283114251639,878.3076923076923,0.5938023450586265,96.85837123279283,9.304747522455132,2.8975741239892114,40.61976549413735,33.333333333333336,38.213259337730435
21610,Casey,409.4287,Tram,FALSE,2,0,0,0,0,0,0,NA,NA,0,0,0,0,0,100,100,100,100,33.333333333333336,100
21670,Central Goldfields,1532.7843,All,TRUE,2,101,13,447,2354,1427,927,5.75,28.4,22.65,0.06589315926578841,0.008481297727279695,23.306930693069308,0.649614576033637,97.8746298745266,68.09577771354569,38.69760479041918,35.038542396636295,33.333333333333336,59.48790421459736
21670,Central Goldfields,1532.7843,Bus,TRUE,2,99,12,371,2202,1347,855,5.75,28.4,22.65,0.0645883442308223,0.007828890209796642,22.242424242424242,0.6347438752783965,97.69173535637346,67.16088614148465,38.69760479041918,36.525612472160354,33.333333333333336,59.43151820337242
21670,Central Goldfields,1532.7843,Train,TRUE,2,2,1,76,152,80,72,7.116666666666666,21.016666666666666,13.899999999999999,0.001304815034966107,6.524075174830535e-4,76,0.9,99.86894282213484,41.88601699821882,43.80053908355796,9.999999999999998,33.333333333333336,50.698847771800004
21670,Central Goldfields,1532.7843,Tram,FALSE,2,0,0,0,0,0,0,NA,NA,0,0,0,0,0,100,100,100,100,33.333333333333336,100
21750,Colac Otway,3437.47,All,TRUE,2,119,9,420,2066,1301,765,5.85,23.15,17.299999999999997,0.0346184839431326,0.0026182046679680115,17.361344537815125,0.5880092236740968,98.88033527475075,72.22169892917701,62.72455089820361,41.19907763259032,33.333333333333336,66.50028037551121
21750,Colac Otway,3437.47,Bus,TRUE,2,117,8,230,1686,1101,585,5.85,23.15,17.299999999999997,0.03403666068358415,0.0023272930381937882,14.41025641025641,0.5313351498637602,98.78088851791024,73.51353080809245,62.72455089820361,46.86648501362398,33.333333333333336,67.64848776318499
21750,Colac Otway,3437.47,Train,TRUE,2,2,1,190,380,200,180,7.683333333333334,21.3,13.616666666666667,5.818232595484471e-4,2.9091162977422353e-4,190,0.9,99.94153986540617,29.73199785087193,44.946091644204856,9.999999999999998,33.333333333333336,47.907602757910496
21750,Colac Otway,3437.47,Tram,FALSE,2,0,0,0,0,0,0,NA,NA,0,0,0,0,0,100,100,100,100,33.333333333333336,100
21830,Corangamite,4407.492,All,TRUE,2,30,7,355,937,585,352,6.066666666666666,22.95,16.883333333333333,0.006806592048266905,0.0015882048112622778,31.233333333333334,0.6017094017094017,99.80056218517834,63.94447442089545,64.59580838323355,39.82905982905983,33.333333333333336,64.82977980252413
21830,Corangamite,4407.492,Bus,TRUE,2,28,6,165,557,385,172,6.066666666666666,22.95,16.883333333333333,0.006352819245049111,0.0013613184096533811,19.892857142857142,0.44675324675324674,99.79596297217888,68.80833741275201,64.59580838323355,55.32467532467533,33.333333333333336,68.36893807158073
21830,Corangamite,4407.492,Train,TRUE,2,2,1,190,380,200,180,6.983333333333333,22.016666666666666,15.033333333333331,4.537728032177937e-4,2.2688640160889684e-4,190,0.9,99.95440313450104,29.73199785087193,39.21832884097036,9.999999999999998,33.333333333333336,46.76526601453731
21830,Corangamite,4407.492,Tram,FALSE,2,0,0,0,0,0,0,NA,NA,0,0,0,0,0,100,100,100,100,33.333333333333336,100
21890,Darebin,53.4712,All,TRUE,3,863,39,33464,713361,525791,187570,2.4166666666666665,28.433333333333334,26.016666666666666,16.13952931671629,0.7293645925283143,826.6060254924681,0.35673870416191983,4.073802594554387,16.207710305200766,23.57784431137726,64.32612958380801,0,19.43486652478544
21890,Darebin,53.4712,Bus,TRUE,3,722,35,22836,493058,374183,118875,2.4166666666666665,27.316666666666666,24.9,13.502595789883152,0.6545579676536154,682.9058171745153,0.317692145287199,0,14.88239562720162,28.5928143712575,68.2307854712801,0,19.673779601743917
21890,Darebin,53.4712,Train,TRUE,3,28,2,3802,26640,17838,8802,3.5666666666666664,27.433333333333334,23.866666666666667,0.5236463741228923,0.03740331243734945,951.4285714285714,0.4934409687184662,57.675983348165964,8.236062850981856,3.5040431266846377,50.655903128153376,0,24.777205644346893
21890,Darebin,53.4712,Tram,TRUE,3,113,2,6826,193663,133770,59893,2.8833333333333333,28.433333333333334,25.55,2.1132871527102437,0.03740331243734945,1713.8318584070796,0.4477311803842416,49.733792933754486,8.82966875711407,3.097345132743362,55.226881961575835,0,23.544366743502188
22110,East Gippsland,20939.5016,All,TRUE,2,172,17,542,4588,3126,1462,4.083333333333333,24.483333333333334,20.400000000000002,0.008214140111147631,8.118626854041264e-4,26.674418604651162,0.4676903390914907,99.75338253075154,66.18740289049485,48.80239520958084,53.23096609085093,33.333333333333336,64.2303203108554
22110,East Gippsland,20939.5016,Bus,TRUE,2,171,16,431,4477,3066,1411,4.083333333333333,24.483333333333334,20.400000000000002,0.008166383482594448,7.641060568509424e-4,26.181286549707604,0.46020874103065884,99.72861576073505,64.74085169136525,48.80239520958084,53.97912589693412,33.333333333333336,63.97471478948137
22110,East Gippsland,20939.5016,Train,TRUE,2,1,1,111,111,60,51,6.333333333333333,23.066666666666666,16.733333333333334,4.77566285531839e-5,4.77566285531839e-5,111,0.85,99.99520025315165,36.87314771955196,32.34501347708895,15.000000000000002,33.333333333333336,47.9360896885937
22110,East Gippsland,20939.5016,Tram,FALSE,2,0,0,0,0,0,0,NA,NA,0,0,0,0,0,100,100,100,100,33.333333333333336,100
22170,Frankston,129.5981,All,TRUE,2,633,29,12362,208421,130007,80700,3.4333333333333336,32.38333333333333,28.95,4.88433086596177,0.2237687126585961,329.25908372827803,0.6207358065334944,40.17794529845727,29.719759962474328,10.40419161676648,37.92641934665056,33.333333333333336,30.24422754058378
22170,Frankston,129.5981,Bus,TRUE,2,622,26,9268,199395,124272,77409,4.7,32.38333333333333,27.683333333333334,4.799453078401613,0.2006202251421896,320.57073954983923,0.6228997682502897,34.28394474865715,26.547488266128216,16.092814371257496,37.71002317497103,33.333333333333336,29.082924604193494
22170,Frankston,129.5981,Train,TRUE,2,11,3,3094,9026,5735,3291,3.4333333333333336,27.216666666666665,23.78333333333333,0.08487778756015714,0.023148487516406493,820.5454545454545,0.5738448125544899,91.81198570912903,10.213790700644966,3.840970350404324,42.615518744551004,33.333333333333336,37.66696598420701
22170,Frankston,129.5981,Tram,FALSE,2,0,0,0,0,0,0,NA,NA,0,0,0,0,0,100,100,100,100,33.333333333333336,100
22250,Gannawarra,3737.5979,All,TRUE,2,17,8,274,618,384,234,7,23.616666666666667,16.616666666666667,0.004548375843212027,0.002140412161511542,36.35294117647059,0.609375,99.87639338889892,61.776295734349745,65.7934131736527,39.0625,33.333333333333336,64.4312299155427
22250,Gannawarra,3737.5979,Bus,TRUE,2,16,7,198,542,344,198,7,23.616666666666667,16.616666666666667,0.004280824323023084,0.001872860641322599,33.875,0.5755813953488372,99.87305578015525,60.88792974890444,65.7934131736527,42.44186046511628,33.333333333333336,64.71520808676291
22250,Gannawarra,3737.5979,Train,TRUE,2,1,1,76,76,40,36,7.6,22.85,15.250000000000002,2.6755152018894274e-4,2.6755152018894274e-4,76,0.9,99.97311287452794,41.88601699821882,38.34231805929919,9.999999999999998,33.333333333333336,49.63324608004653
22250,Gannawarra,3737.5979,Tram,FALSE,2,0,0,0,0,0,0,NA,NA,0,0,0,0,0,100,100,100,100,33.333333333333336,100
22310,Glen Eira,38.6908,All,TRUE,3,671,45,42357,444333,299662,146663,2,32.28333333333333,30.28333333333333,17.342624086346106,1.1630671890992172,662.1952309985097,0.4894280889802511,1.7827906305884857,19.46515573519468,4.416167664670678,51.05719110197489,0,13.85379878967616
22310,Glen Eira,38.6908,Bus,TRUE,3,516,32,16916,217005,147939,71058,4.783333333333333,32.28333333333333,27.5,13.33650376833769,0.8270700011372212,420.55232558139534,0.4803195911828524,0.4308537187270049,22.362440639146755,16.916167664670667,51.968040881714764,0,16.87676325465979
22310,Glen Eira,38.6908,Train,TRUE,3,38,8,12018,38538,23716,14822,3.2333333333333334,27.25,24.016666666666666,0.9821456263504501,0.2067675002843053,1014.1578947368421,0.6249789171867094,31.235330715483336,7.3827186187402605,2.897574123989226,37.50210828132906,0,15.859343400553104
22310,Glen Eira,38.6908,Tram,TRUE,3,117,5,13423,188790,128007,60783,2,27.333333333333332,25.333333333333332,3.023974691657965,0.1292296876776908,1613.5897435897436,0.474841219620802,38.37683773929306,9.567081742243289,3.9190897597977306,52.51587803791979,0,20.6471795280316
22410,Glenelg,6218.7884,All,TRUE,1,74,5,231,1670,1219,451,4.7,24.75,20.05,0.011899424009988826,8.040151358100558e-4,22.56756756756757,0.3699753896636587,99.6301666694762,68.55012151715995,50.37425149700599,63.00246103363413,66.66666666666667,71.57029150110534
22410,Glenelg,6218.7884,Bus,TRUE,1,74,5,231,1670,1219,451,4.7,24.75,20.05,0.011899424009988826,8.040151358100558e-4,22.56756756756757,0.3699753896636587,99.59036878142709,66.94613122477033,50.37425149700599,63.00246103363413,66.66666666666667,71.15934445599567
22410,Glenelg,6218.7884,Train,FALSE,1,0,0,0,0,0,0,NA,NA,0,0,0,0,0,100,100,100,100,66.66666666666667,100
22410,Glenelg,6218.7884,Tram,FALSE,1,0,0,0,0,0,0,NA,NA,0,0,0,0,0,100,100,100,100,66.66666666666667,100
22490,Golden Plains,2703.3899,All,TRUE,1,31,8,239,863,571,292,6.633333333333333,22.2,15.566666666666666,0.011467084344733255,0.0029592475728343883,27.838709677419356,0.51138353765324,99.64459850271172,65.58126671830536,70.50898203592814,48.861646234676,66.66666666666667,72.7375096476413
22490,Golden Plains,2703.3899,Bus,TRUE,1,31,8,239,863,571,292,6.633333333333333,22.2,15.566666666666666,0.011467084344733255,0.0029592475728343883,27.838709677419356,0.51138353765324,99.60635362905059,63.82586044256062,70.50898203592814,48.861646234676,66.66666666666667,72.28909686028983
22490,Golden Plains,2703.3899,Train,FALSE,1,0,0,0,0,0,0,NA,NA,0,0,0,0,0,100,100,100,100,66.66666666666667,100
22490,Golden Plains,2703.3899,Tram,FALSE,1,0,0,0,0,0,0,NA,NA,0,0,0,0,0,100,100,100,100,66.66666666666667,100
22620,Greater Bendigo,2999.9717,All,TRUE,2,741,54,5658,136150,80287,55863,4.966666666666667,28.25,23.28333333333333,0.24700233005531352,0.018000169801601795,183.73819163292848,0.6957913485371231,92.57500169649337,38.26444720635967,35.853293413173674,30.42086514628769,33.333333333333336,49.44365068029115
22620,Greater Bendigo,2999.9717,Bus,TRUE,2,733,51,4893,133925,78981,54944,4.966666666666667,28.25,23.28333333333333,0.24433563823285398,0.017000160368179473,182.7080491132333,0.6956609817551057,91.8560704051927,35.202284628285575,35.853293413173674,30.43390182448943,33.333333333333336,48.500332714677725
22620,Greater Bendigo,2999.9717,Train,TRUE,2,8,3,765,2225,1306,919,5.15,26,20.85,0.002666691822459525,0.001000009433422322,278.125,0.7036753445635529,99.73233631710445,24.656345097426225,15.700808625336924,29.632465543644713,33.333333333333336,43.68220191024676
22620,Greater Bendigo,2999.9717,Tram,FALSE,2,0,0,0,0,0,0,NA,NA,0,0,0,0,0,100,100,100,100,33.333333333333336,100
22670,Greater Dandenong,129.5466,All,TRUE,2,751,65,20975,343193,213110,134205,3.033333333333333,31.6,28.56666666666667,5.797141723518795,0.5017499494390435,456.9813581890812,0.6297452020083525,35.307890914575374,24.910821238604758,12.125748502994009,37.02547979916475,33.333333333333336,28.033649708768547
22670,Greater Dandenong,129.5466,Bus,TRUE,2,739,61,16210,323371,200453,127040,4.55,31.6,27.05,5.704510963622356,0.4708730294735639,437.57916102841676,0.6337645233546019,28.85960634794527,21.750335981427668,18.937125748503,36.623547664539814,33.333333333333336,26.933442881724808
22670,Greater Dandenong,129.5466,Train,TRUE,2,12,4,4765,19822,12657,7165,3.033333333333333,26.95,23.916666666666664,0.0926307598964388,0.0308769199654796,1651.8333333333333,0.56608991072134,91.0962787512224,0.861368381660143,3.3018867924528434,43.391008927866004,33.333333333333336,35.1584404808911
22670,Greater Dandenong,129.5466,Tram,FALSE,2,0,0,0,0,0,0,NA,NA,0,0,0,0,0,100,100,100,100,33.333333333333336,100
22750,Greater Geelong,1247.9872,All,TRUE,2,1378,76,21019,727603,483139,244464,3.1666666666666665,26.583333333333332,23.416666666666664,1.1041779915691443,0.06089806049292813,528.0137880986938,0.5059910294966873,74.9067303167505,22.790070285982676,35.254491017964085,49.400897050331274,33.333333333333336,43.8852329118258
22750,Greater Geelong,1247.9872,Bus,TRUE,2,1370,74,18935,713509,475531,237978,3.1666666666666665,26.583333333333332,23.416666666666664,1.097767669411994,0.05929547995364055,520.8094890510949,0.5004468688686963,72.32056202035669,19.064216958106876,35.254491017964085,49.95531311313037,33.333333333333336,42.39038991517826
22750,Greater Geelong,1247.9872,Train,TRUE,2,8,2,2084,14094,7608,6486,4.55,26.583333333333332,22.03333333333333,0.00641032215715033,0.0016025805392875824,1761.75,0.8525236593059937,99.3577758709252,0,10.916442048517531,14.747634069400629,33.333333333333336,34.2348774878449
22750,Greater Geelong,1247.9872,Tram,FALSE,2,0,0,0,0,0,0,NA,NA,0,0,0,0,0,100,100,100,100,33.333333333333336,100
22830,Greater Shepparton,2421.9092,All,TRUE,2,395,21,905,8555,6155,2400,4.8,22.033333333333335,17.233333333333334,0.16309447108917213,0.008670845298411682,21.658227848101266,0.38992688870836717,94.92742072877664,69.12887594227041,63.02395209580838,61.00731112916329,33.333333333333336,67.76996125629793
22830,Greater Shepparton,2421.9092,Bus,TRUE,2,392,20,755,8105,5867,2238,4.8,22.033333333333335,17.233333333333334,0.16185577890368474,0.008257947903249222,20.676020408163264,0.3814555991136867,94.42141606945158,68.23947273450771,63.02395209580838,61.85444008863132,33.333333333333336,67.5481786334462
22830,Greater Shepparton,2421.9092,Train,TRUE,2,3,1,150,450,288,162,5.366666666666666,21.616666666666667,16.25,0.0012386921854873833,4.128973951624611e-4,150,0.5625,99.8755801709014,32.87588028576679,34.299191374663074,43.75,33.333333333333336,51.61020338909966
22830,Greater Shepparton,2421.9092,Tram,FALSE,2,0,0,0,0,0,0,NA,NA,0,0,0,0,0,100,100,100,100,33.333333333333336,100
22910,Hepburn,1472.9843,All,TRUE,2,101,11,825,9867,5123,4744,5.616666666666667,28.633333333333333,23.016666666666666,0.06856828005566658,0.0074678324813102215,97.6930693069307,0.926019910208862,97.78998000737046,47.4855329991524,37.05089820359282,7.3980089791138015,33.333333333333336,49.83875923921635
22910,Hepburn,1472.9843,Bus,TRUE,2,99,10,749,9715,5043,4672,5.616666666666667,28.633333333333333,23.016666666666666,0.067210492331792,0.006788938619372928,98.13131313131314,0.926432678960936,97.5997181201925,44.73872607443248,37.05089820359282,7.356732103906404,33.333333333333336,49.09830050496077
22910,Hepburn,1472.9843,Train,TRUE,2,2,1,76,152,80,72,7.5,20.583333333333332,13.083333333333332,0.0013577877238745858,6.788938619372929e-4,76,0.9,99.86362579020017,41.88601699821882,47.10242587601079,9.999999999999998,33.333333333333336,51.35789587230691
22910,Hepburn,1472.9843,Tram,FALSE,2,0,0,0,0,0,0,NA,NA,0,0,0,0,0,100,100,100,100,33.333333333333336,100
22980,Hindmarsh,7524.1823,All,TRUE,1,11,4,127,241,142,99,4.4,24.25,19.85,0.0014619528822421009,5.316192299062185e-4,21.90909090909091,0.6971830985915493,99.98031206119165,68.96692474746833,51.272455089820355,30.281690140845075,66.66666666666667,67.03355374125582
22980,Hindmarsh,7524.1823,Bus,TRUE,1,11,4,127,241,142,99,4.4,24.25,19.85,0.0014619528822421009,5.316192299062185e-4,21.90909090909091,0.6971830985915493,99.97819343552992,67.3841920359503,51.272455089820355,30.281690140845075,66.66666666666667,66.63734090696089
22980,Hindmarsh,7524.1823,Train,FALSE,1,0,0,0,0,0,0,NA,NA,0,0,0,0,0,100,100,100,100,66.66666666666667,100
22980,Hindmarsh,7524.1823,Tram,FALSE,1,0,0,0,0,0,0,NA,NA,0,0,0,0,0,100,100,100,100,66.66666666666667,100
23110,Hobsons Bay,64.2405,All,TRUE,2,450,22,12771,191565,128783,62782,1.1166666666666667,27.55,26.433333333333334,7.004926798514956,0.3424630879273978,425.7,0.4875022324375112,29.784512043393953,25.951403317690133,21.706586826347316,51.24977675624889,33.333333333333336,30.962762718977817
23110,Hobsons Bay,64.2405,Bus,TRUE,2,427,19,8289,170399,115695,54704,1.1166666666666667,26.666666666666668,25.55,6.646897206590858,0.29576357593729813,399.0608899297424,0.47282942218764856,23.94014252129807,23.17134456894954,25.673652694610784,52.71705778123514,33.333333333333336,29.82016097866933
23110,Hobsons Bay,64.2405,Train,TRUE,2,23,3,4482,21166,13088,8078,3.05,27.55,24.5,0.3580295919240977,0.0466995119900997,920.2608695652174,0.6172066014669927,69.24144814598128,8.681193509945803,0.9433962264150981,38.27933985330073,33.333333333333336,30.4112406372599
23110,Hobsons Bay,64.2405,Tram,FALSE,2,0,0,0,0,0,0,NA,NA,0,0,0,0,0,100,100,100,100,33.333333333333336,100
23190,Horsham,4266.769,All,TRUE,1,135,15,346,2362,1747,615,4.683333333333334,23.566666666666666,18.883333333333333,0.031639866137585605,0.003515540681953956,17.496296296296297,0.35203205495134515,98.97769995250651,72.11399055225826,55.61377245508983,64.79679450486549,66.66666666666667,73.61519629293898
23190,Horsham,4266.769,Bus,TRUE,1,135,15,346,2362,1747,615,4.683333333333334,23.566666666666666,18.883333333333333,0.031639866137585605,0.003515540681953956,17.496296296296297,0.35203205495134515,98.86768990342546,70.69176284883268,55.61377245508983,64.79679450486549,66.66666666666667,73.23213685481232
23190,Horsham,4266.769,Train,FALSE,1,0,0,0,0,0,0,NA,NA,0,0,0,0,0,100,100,100,100,66.66666666666667,100
23190,Horsham,4266.769,Tram,FALSE,1,0,0,0,0,0,0,NA,NA,0,0,0,0,0,100,100,100,100,66.66666666666667,100
23270,Hume,503.8488,All,TRUE,2,1056,54,25871,454598,265280,194685,2.75,31.333333333333332,28.583333333333332,2.0958668552946835,0.10717500964575087,430.4905303030303,0.7338849517490953,61.866381454455286,25.78719282238692,12.05089820359283,26.61150482509047,33.333333333333336,33.31529893369269
23270,Hume,503.8488,Bus,TRUE,2,1041,45,19198,441880,257120,190127,2.75,31.333333333333332,28.583333333333332,2.066096019281975,0.08931250803812572,424.47646493756,0.7394485065339141,58.124247620404525,22.219205620142176,12.05089820359283,26.055149346608587,33.333333333333336,31.404315352846528
23270,Hume,503.8488,Train,TRUE,2,15,9,6673,12718,8160,4558,3.0833333333333335,27.8,24.71666666666667,0.029770836012708576,0.017862501607625144,847.8666666666667,0.558578431372549,97.05150628935174,9.776112076360409,0.06738544474393147,44.1421568627451,33.333333333333336,38.341705209788586
23270,Hume,503.8488,Tram,FALSE,2,0,0,0,0,0,0,NA,NA,0,0,0,0,0,100,100,100,100,33.333333333333336,100
23350,Indigo,2040.471,All,TRUE,2,29,12,402,629,457,172,6.466666666666667,22.433333333333334,15.966666666666667,0.014212404881029919,0.005880995123184794,21.689655172413794,0.37636761487964987,99.55306215833734,69.10848923976371,68.7125748502994,62.36323851203501,33.333333333333336,70.2623885963904
23350,Indigo,2040.471,Bus,TRUE,2,28,11,283,510,397,113,6.466666666666667,22.433333333333334,15.966666666666667,0.013722321954097854,0.005390912196252728,18.214285714285715,0.28463476070528965,99.52304599373714,70.10304507559844,68.7125748502994,71.53652392947103,33.333333333333336,71.87951632681443
23350,Indigo,2040.471,Train,TRUE,2,1,1,119,119,60,59,7.216666666666667,21.166666666666668,13.950000000000001,4.900829269320661e-4,4.900829269320661e-4,119,0.9833333333333333,99.95075544499385,35.95012051841048,43.59838274932614,1.6666666666666718,33.333333333333336,47.94489554071631
23350,Indigo,2040.471,Tram,FALSE,2,0,0,0,0,0,0,NA,NA,0,0,0,0,0,100,100,100,100,33.333333333333336,100
23430,Kingston (Vic.),91.3676,All,TRUE,2,815,50,24276,351340,236337,119833,3.5833333333333335,32.36666666666667,28.783333333333335,8.920011032357204,0.5472399406354113,431.0920245398773,0.5070429090662909,22.540788686837562,25.766703659900294,11.152694610778447,49.29570909337091,33.333333333333336,26.70176837284579
23430,Kingston (Vic.),91.3676,Bus,TRUE,2,780,46,17200,316786,213873,107743,4.766666666666667,32.36666666666667,27.6,8.536943073912417,0.5034607453845784,406.13589743589745,0.5037709294768391,15.678418900536272,22.90035133032821,16.46706586826348,49.62290705231609,33.333333333333336,25.38154178921623
23430,Kingston (Vic.),91.3676,Train,TRUE,2,35,4,7076,34554,22464,12090,3.5833333333333335,27.05,23.46666666666667,0.38306795844478786,0.0437791952508329,987.2571428571429,0.5381944444444444,67.40525391530159,7.7420208107672455,5.121293800539079,46.18055555555556,33.333333333333336,31.738160774958356
23430,Kingston (Vic.),91.3676,Tram,FALSE,2,0,0,0,0,0,0,NA,NA,0,0,0,0,0,100,100,100,100,33.333333333333336,100
23670,Knox,113.9114,All,TRUE,2,797,59,17783,361952,253547,108405,3.533333333333333,32.4,28.866666666666667,6.996665829758918,0.5179464039595686,454.1430363864492,0.42755386575270066,29.81938098607907,25.002259848081522,10.778443113772465,57.24461342472993,33.333333333333336,29.44779084500413
23670,Knox,113.9114,Bus,TRUE,2,786,57,15054,353333,248400,104933,5.083333333333333,32.4,27.316666666666666,6.900099551054591,0.5003888987406001,449.5330788804071,0.4224355877616747,22.721664819575977,21.33463629075684,17.739520958083844,57.756441223832525,33.333333333333336,28.22544565277485
23670,Knox,113.9114,Train,TRUE,2,11,2,2729,8619,5147,3472,3.533333333333333,27.233333333333334,23.700000000000003,0.09656627870432634,0.017557505218968428,783.5454545454545,0.6745677093452497,90.73491661385141,10.830312903777251,4.177897574123981,32.54322906547503,33.333333333333336,36.10837125405322
23670,Knox,113.9114,Tram,FALSE,2,0,0,0,0,0,0,NA,NA,0,0,0,0,0,100,100,100,100,33.333333333333336,100
23810,Latrobe (Vic.),1425.613,All,TRUE,2,440,76,7978,142065,84189,57876,3,26.933333333333334,23.933333333333334,0.30863916083817977,0.05331040050841287,322.875,0.687453230231978,90.94572229211944,30.006865858518992,32.93413173652696,31.254676976802198,33.333333333333336,46.51317493148533
23810,Latrobe (Vic.),1425.613,Bus,TRUE,2,437,74,7035,139236,82614,56622,3,26.9,23.9,0.306534802923374,0.05190749523187569,318.6178489702517,0.6853802019028252,90.0315857583825,26.64165409254227,33.083832335329355,31.461979809717477,33.333333333333336,45.50437340125469
23810,Latrobe (Vic.),1425.613,Train,TRUE,2,3,2,943,2829,1575,1254,4.566666666666666,26.933333333333334,22.366666666666667,0.0021043579148057713,0.0014029052765371808,943,0.7961904761904762,99.78872014267287,8.35498441604799,9.568733153638815,20.380952380952376,33.333333333333336,37.006815627550836
23810,Latrobe (Vic.),1425.613,Tram,FALSE,2,0,0,0,0,0,0,NA,NA,0,0,0,0,0,100,100,100,100,33.333333333333336,100
23940,Loddon,6696.4447,All,TRUE,2,45,10,246,668,478,190,7.933333333333334,22.466666666666665,14.533333333333331,0.006719983814694983,0.001493329736598885,14.844444444444445,0.39748953974895396,99.80346736343768,74.39014446691073,75.1497005988024,60.25104602510461,33.333333333333336,72.61599998111328
23940,Loddon,6696.4447,Bus,TRUE,2,43,9,170,516,398,118,7.933333333333334,22.466666666666665,14.533333333333331,0.006421317867375206,0.0013439967629389966,12,0.2964824120603015,99.79341705211985,76.1427884339577,75.1497005988024,70.35175879396985,33.333333333333336,74.56675531037534
23940,Loddon,6696.4447,Train,TRUE,2,2,1,76,152,80,72,8.05,22.383333333333333,14.333333333333332,2.98665947319777e-4,1.493329736598885e-4,76,0.9,99.96998655101649,41.88601699821882,42.04851752021564,9.999999999999998,33.333333333333336,50.37370439135196
23940,Loddon,6696.4447,Tram,FALSE,2,0,0,0,0,0,0,NA,NA,0,0,0,0,0,100,100,100,100,33.333333333333336,100
24130,Macedon Ranges,1748.284,All,TRUE,2,152,21,1660,12756,7130,5626,2.8666666666666667,27.333333333333332,24.466666666666665,0.08694239608667699,0.012011778406711953,83.92105263157895,0.7890603085553998,97.21422494392313,49.696103619981194,30.53892215568864,21.093969144460022,33.333333333333336,50.99946194378282
24130,Macedon Ranges,1748.284,Bus,TRUE,2,145,18,895,8026,4325,3701,2.8666666666666667,27.333333333333332,24.466666666666665,0.08293846995110633,0.010295810062895958,55.351724137931036,0.8557225433526011,97.05248793013138,53.470240141730294,30.53892215568864,14.427745664739888,33.333333333333336,50.902628298814136
24130,Macedon Ranges,1748.284,Train,TRUE,2,7,3,765,4730,2805,1925,5.1,25.35,20.25,0.004003926135570651,0.0017159683438159933,675.7142857142857,0.6862745098039216,99.59838205919867,12.808408811125437,18.1266846361186,31.372549019607842,33.333333333333336,41.43291699774592
24130,Macedon Ranges,1748.284,Tram,FALSE,2,0,0,0,0,0,0,NA,NA,0,0,0,0,0,100,100,100,100,33.333333333333336,100
24210,Manningham,113.3479,All,TRUE,1,630,54,34720,723535,575946,147589,2.15,27.6,25.450000000000003,5.558109148912331,0.47640935562105696,1148.468253968254,0.25625492667715377,36.5168800258492,11.375731284580894,26.12275449101796,74.37450733228462,66.66666666666667,38.353879825653806
24210,Manningham,113.3479,Bus,TRUE,1,630,54,34720,723535,575946,147589,2.15,27.6,25.450000000000003,5.558109148912331,0.47640935562105696,1148.468253968254,0.25625492667715377,29.685440311747385,6.8557625741381685,26.12275449101796,74.37450733228462,66.66666666666667,35.51602771951767
24210,Manningham,113.3479,Train,FALSE,1,0,0,0,0,0,0,NA,NA,0,0,0,0,0,100,100,100,100,66.66666666666667,100
24210,Manningham,113.3479,Tram,FALSE,1,0,0,0,0,0,0,NA,NA,0,0,0,0,0,100,100,100,100,66.66666666666667,100
24250,Mansfield,3843.8535,All,TRUE,1,19,2,77,365,225,140,7.5,21.5,14,0.004942956332753056,5.203111929213743e-4,19.210526315789473,0.6222222222222222,99.86313104009008,70.81033673158731,77.54491017964072,37.77777777777778,66.66666666666667,73.84401564551416
24250,Mansfield,3843.8535,Bus,TRUE,1,19,2,77,365,225,140,7.5,21.5,14,0.004942956332753056,5.203111929213743e-4,19.210526315789473,0.6222222222222222,99.84840252566393,69.32162075622347,77.54491017964072,37.77777777777778,66.66666666666667,73.46815452306666
24250,Mansfield,3843.8535,Train,FALSE,1,0,0,0,0,0,0,NA,NA,0,0,0,0,0,100,100,100,100,66.66666666666667,100
24250,Mansfield,3843.8535,Tram,FALSE,1,0,0,0,0,0,0,NA,NA,0,0,0,0,0,100,100,100,100,66.66666666666667,100
24330,Maribyrnong,31.2258,All,TRUE,3,462,36,34314,423746,291085,132661,0.9,32.166666666666664,31.266666666666666,14.795457602367273,1.152892800184463,917.1991341991342,0.45574660322586186,6.831694171440255,14.679841056354022,1.5955300952696858e-14,54.42533967741381,0,13.541684758560644
24330,Maribyrnong,31.2258,Bus,TRUE,3,396,22,15418,318662,222471,96191,0.9,32.166666666666664,31.266666666666666,12.681820802029092,0.7045456001127273,804.7020202020202,0.4323754556773692,2.1791937690895873,12.348829338920261,1.5955300952696858e-14,56.762454432263084,0,12.146373941841928
24330,Maribyrnong,31.2258,Train,TRUE,3,20,12,13207,30941,18696,12245,3.6,27.85,24.25,0.6404960001024794,0.3842976000614876,1547.05,0.6549529311082585,50.24931737273193,1.7375978319292091,1.9541778975741277,34.50470688917415,0,18.563270414056234
24330,Maribyrnong,31.2258,Tram,TRUE,3,46,2,5689,74143,49918,24225,4.7,25.8,21.1,1.4731408002357025,0.06404960001024794,1611.804347826087,0.485295885251813,59.92222412901736,9.580626792435892,19.974715549936782,51.470411474818704,0,29.091217561573472
24410,Maroondah,61.4097,All,TRUE,2,542,47,17229,277197,213756,63441,3.4333333333333336,31.833333333333332,28.4,8.825967233189544,0.7653514021400528,511.43357933579335,0.2967916690057823,22.862469949509602,23.25843685677948,12.874251497006005,70.32083309942176,33.333333333333336,29.653201965886737
24410,Maroondah,61.4097,Bus,TRUE,2,531,45,13969,266729,207436,59293,5.083333333333333,31.833333333333332,26.75,8.646842436944,0.7327832573681357,502.3145009416196,0.28583755953643536,15.249847106039606,19.622076210855703,20.28443113772456,71.41624404635647,33.333333333333336,28.48730366372221
24410,Maroondah,61.4097,Train,TRUE,2,11,2,3260,10468,6320,4148,3.4333333333333336,27.516666666666666,24.083333333333332,0.17912479624554425,0.03256814477191714,951.6363636363636,0.6563291139240506,83.43926217506964,8.233144350627107,2.6280323450134855,34.367088607594944,33.333333333333336,33.598771391566125
24410,Maroondah,61.4097,Tram,FALSE,2,0,0,0,0,0,0,NA,NA,0,0,0,0,0,100,100,100,100,33.333333333333336,100
24600,Melbourne,37.5452,All,TRUE,3,604,119,144457,1504006,1073035,430971,1.9333333333333333,31.083333333333332,29.15,16.087276136496808,3.16951301364755,2490.0761589403974,0.4016374116408132,4.176916602767452,0,9.505988023952114,59.83625883591868,0,11.920865580870087
24600,Melbourne,37.5452,Bus,TRUE,3,261,66,43907,415842,327503,88339,2,31.083333333333332,29.083333333333332,6.951620979512694,1.757881167233095,1593.2643678160919,0.26973493372579793,22.478516659806754,1.7990575204920547,9.805389221556903,73.0265066274202,0,18.984447383499113
24600,Melbourne,37.5452,Train,TRUE,3,64,31,35078,104310,70505,33805,3.15,27.816666666666666,24.666666666666668,1.7046120409533043,0.8256714573367567,1629.84375,0.4794695411672931,0,1.0405540723007216,0.2695417789757403,52.053045883270684,0,8.12200375636093
24600,Melbourne,37.5452,Tram,TRUE,3,279,22,65472,983854,675027,308827,1.9333333333333333,28.3,26.366666666666667,7.431043116030811,0.5859603890776983,3526.358422939068,0.4575031813542273,5.639229787273461,0,0,54.24968186457727,0,9.547259726504954
24650,Melton,527.5374,All,TRUE,2,567,35,12576,170596,96746,74402,1.2666666666666666,29.2,27.933333333333334,1.0748053123816435,0.06634600693713848,300.87477954144623,0.7690447150269779,75.38146509443145,31.04153594488705,14.970059880239532,23.095528497302208,33.333333333333336,38.06409151047286
24650,Melton,527.5374,Bus,TRUE,2,560,30,9216,163464,92069,71947,1.2666666666666666,29.2,27.933333333333334,1.0615361109942156,0.056868005946118697,291.9,0.7814465238028001,72.97224342415883,27.991108647103434,14.970059880239532,21.85534761971999,33.333333333333336,36.513152136821475
24650,Melton,527.5374,Train,TRUE,2,7,5,3360,7132,4677,2455,3.5166666666666666,27.366666666666667,23.85,0.013269201387427695,0.009478000991019782,1018.8571428571429,0.5249091297840496,98.67512696057506,7.320930951326192,3.5714285714285694,47.50908702159504,33.333333333333336,39.33966324550028
24650,Melton,527.5374,Tram,FALSE,2,0,0,0,0,0,0,NA,NA,0,0,0,0,0,100,100,100,100,33.333333333333336,100
24700,Merri-bek,50.9522,All,TRUE,3,827,42,41344,572999,400541,172458,2.4833333333333334,31.05,28.566666666666666,16.230898763939535,0.8243019928481989,692.8645707376058,0.43056266399694415,3.8942515030475837,18.80022574379361,12.125748502994023,56.94373360030558,0,16.64032905235494
24700,Merri-bek,50.9522,Bus,TRUE,3,683,35,19867,296017,210439,85578,2.783333333333333,31.05,28.266666666666666,13.404720502745711,0.6869183273734991,433.407027818448,0.4066641639620032,0.2532940006876855,21.89809498480018,13.473053892215583,59.33358360379968,0,17.132495565385035
24700,Merri-bek,50.9522,Train,TRUE,3,26,2,3482,21703,13474,8229,3.15,27.183333333333334,24.033333333333335,0.5102821860488851,0.03925247584991424,834.7307692307693,0.6107317797239127,58.5614354551942,9.984759338635596,2.83018867924528,38.92682202760873,0,23.541609738447814
24700,Merri-bek,50.9522,Tram,TRUE,3,118,5,17995,255279,176628,78651,2.4833333333333334,28.25,25.766666666666666,2.31589607514494,0.09813118962478559,2163.3813559322034,0.44529179971465455,46.94319632421342,5.9793889057930905,2.2756005056890065,55.47082002853454,0,22.00638941291961
24780,Mildura,22081.9206,All,TRUE,1,359,19,413,7112,4557,2555,3.9166666666666665,30.316666666666666,26.4,0.016257643821072337,8.604324027865583e-4,19.81058495821727,0.5606758832565284,99.48502932121457,70.37999468613954,21.856287425149716,43.93241167434716,66.66666666666667,63.427375238020545
24780,Mildura,22081.9206,Bus,TRUE,1,359,19,413,7112,4557,2555,3.9166666666666665,30.316666666666666,26.4,0.016257643821072337,8.604324027865583e-4,19.81058495821727,0.5606758832565284,99.42961315471102,68.86933063031864,21.856287425149716,43.93241167434716,66.66666666666667,63.035855182439434
24780,Mildura,22081.9206,Train,FALSE,1,0,0,0,0,0,0,NA,NA,0,0,0,0,0,100,100,100,100,66.66666666666667,100
24780,Mildura,22081.9206,Tram,FALSE,1,0,0,0,0,0,0,NA,NA,0,0,0,0,0,100,100,100,100,66.66666666666667,100
24850,Mitchell,2862.0837,All,TRUE,2,173,22,2824,32639,22220,10419,2.9833333333333334,25.5,22.516666666666666,0.06044547194758839,0.007686707415300258,188.66473988439307,0.4689018901890189,98.04767192927669,37.87734549298231,39.29640718562875,53.10981098109811,33.333333333333336,54.80700743985522
24850,Mitchell,2862.0837,Bus,TRUE,2,166,19,2126,28578,19647,8931,2.9833333333333334,25.5,22.516666666666666,0.05799970140635649,0.0066385200404865865,172.15662650602408,0.4545732172850817,97.92395000621482,36.116679775119444,39.29640718562875,54.54267827149183,33.333333333333336,54.55084062318309
24850,Mitchell,2862.0837,Train,TRUE,2,7,3,698,4061,2573,1488,5.05,25.1,20.05,0.0024457705412319003,0.0010481873748136715,580.1428571428571,0.5783132530120482,99.7544837735838,14.845332889604457,18.935309973045822,42.168674698795186,33.333333333333336,43.762317365225506
24850,Mitchell,2862.0837,Tram,FALSE,2,0,0,0,0,0,0,NA,NA,0,0,0,0,0,100,100,100,100,33.333333333333336,100
24900,Moira,4045.9201,All,TRUE,1,42,7,308,1591,1045,546,3.6166666666666667,23.166666666666668,19.55,0.01038082783691156,0.0017301379728185933,37.88095238095238,0.522488038277512,99.68088582479974,61.18659301114424,52.61976047904192,47.7511961722488,66.66666666666667,67.90350123063169
24900,Moira,4045.9201,Bus,TRUE,1,42,7,308,1591,1045,546,3.6166666666666667,23.166666666666668,19.55,0.01038082783691156,0.0017301379728185933,37.88095238095238,0.522488038277512,99.6465458419715,59.207051880050145,52.61976047904192,47.7511961722488,66.66666666666667,67.40003095215111
24900,Moira,4045.9201,Train,FALSE,1,0,0,0,0,0,0,NA,NA,0,0,0,0,0,100,100,100,100,66.66666666666667,100
24900,Moira,4045.9201,Tram,FALSE,1,0,0,0,0,0,0,NA,NA,0,0,0,0,0,100,100,100,100,66.66666666666667,100
24970,Monash,81.4829,All,TRUE,2,871,79,33770,565850,384697,182289,3.466666666666667,32.78333333333333,29.316666666666663,10.689359362516553,0.9695285759343372,649.6555683122847,0.47385084884987405,16.998162992943215,19.74592497003797,8.757485029940147,52.61491511501259,33.333333333333336,23.829756263985214
24970,Monash,81.4829,Bus,TRUE,2,855,73,26732,544585,371136,174585,4.866666666666667,32.78333333333333,27.916666666666664,10.4929991446058,0.8958934942178052,636.9415204678363,0.4704070744956027,8.699979228848028,15.95790526269807,15.04491017964074,52.95929255043973,33.333333333333336,22.117347041380633
24970,Monash,81.4829,Train,TRUE,2,16,6,7038,21265,13561,7704,3.466666666666667,27.316666666666666,23.85,0.1963602179107518,0.07363508171653194,1329.0625,0.5680996976624143,81.98077613328812,3.768068012961078,3.5714285714285694,43.19003023375857,33.333333333333336,33.6300012859118
24970,Monash,81.4829,Tram,FALSE,2,0,0,0,0,0,0,NA,NA,0,0,0,0,0,100,100,100,100,33.333333333333336,100
25060,Moonee Valley,43.1384,All,TRUE,3,611,35,32858,471472,327808,143884,3.3666666666666667,32.31666666666667,28.950000000000003,14.163714926840125,0.8113420989188288,771.6399345335516,0.43892766497461927,8.210115965226821,17.21853425478297,10.404191616766465,56.10723350253808,0,16.854085903736454
25060,Moonee Valley,43.1384,Bus,TRUE,3,495,28,20486,269196,188372,81044,4.866666666666667,32.31666666666667,27.450000000000003,11.474695398994864,0.649073679135063,543.8303030303031,0.4302337927080458,5.634122304020473,18.39684155929936,17.140718562874248,56.976620729195425,0,17.98237778778412
25060,Moonee Valley,43.1384,Train,TRUE,3,14,4,2807,12421,8252,4169,3.3666666666666667,27.033333333333335,23.666666666666668,0.3245368395675315,0.092724811305009,887.2142857142857,0.5052108579738245,71.75129925546058,9.169916212262944,4.312668463611859,49.47891420261755,0,28.514674690045887
25060,Moonee Valley,43.1384,Tram,TRUE,3,102,3,9565,189855,131184,58671,4.583333333333333,26.5,21.916666666666668,2.3644826882777297,0.06954360847875675,1861.3235294117646,0.44724204171240395,46.299362685199675,7.8195462411688315,16.877370417193422,55.27579582875961,0,25.196570689344753
25150,Moorabool,2110.5504,All,TRUE,2,132,11,2804,33129,14003,19126,3.1666666666666665,26.583333333333332,23.416666666666664,0.0625429271909356,0.005211910599244633,250.97727272727272,1,97.98094268705813,33.698959278010705,35.254491017964085,0,33.333333333333336,44.970873694860025
25150,Moorabool,2110.5504,Bus,TRUE,2,130,8,1655,30926,12660,18266,3.1666666666666665,26.583333333333332,23.416666666666664,0.06159530708198203,0.0037904804358142785,237.8923076923077,1,97.79704535057623,31.141853556241898,35.254491017964085,0,33.333333333333336,44.28562293029734
25150,Moorabool,2110.5504,Train,TRUE,2,2,3,1149,2203,1343,860,4.683333333333334,25.333333333333332,20.65,9.476201089535696e-4,0.0014214301634303543,1101.5,0.6403574087862993,99.9048029218921,6.278501252043866,16.50943396226416,35.96425912137007,33.333333333333336,40.24235170414234
25150,Moorabool,2110.5504,Tram,FALSE,2,0,0,0,0,0,0,NA,NA,0,0,0,0,0,100,100,100,100,33.333333333333336,100
25340,Mornington Peninsula,723.992,All,TRUE,2,684,12,2954,180222,102810,77412,4.6,30.833333333333332,26.233333333333334,0.944761820572603,0.01657476878197549,263.4824561403509,0.7529617741464838,77.56737319261474,32.986541047932825,22.60479041916168,24.70382258535162,33.333333333333336,40.865010031771966
25340,Mornington Peninsula,723.992,Bus,TRUE,2,676,11,2710,178270,101578,76692,4.6,30.833333333333332,26.233333333333334,0.9337119747179528,0.0151935380501442,263.7130177514793,0.7550060052373545,75.36652560691039,29.55528548282285,22.60479041916168,24.49939947626455,33.333333333333336,39.42632077770533
25340,Mornington Peninsula,723.992,Train,TRUE,2,8,1,244,1952,1232,720,5.616666666666667,23,17.383333333333333,0.011049845854650329,0.001381230731831291,244,0.5844155844155844,98.89550744377279,26.40093303268266,29.716981132075475,41.55844155844156,33.333333333333336,48.50127257929519
25340,Mornington Peninsula,723.992,Tram,FALSE,2,0,0,0,0,0,0,NA,NA,0,0,0,0,0,100,100,100,100,33.333333333333336,100
25430,Mount Alexander,1529.6183,All,TRUE,2,99,15,1022,2124,1377,747,4.75,27.75,23,0.06472202901861203,0.009806368033123035,21.454545454545453,0.5424836601307189,97.911755278945,69.26169287340917,37.12574850299402,45.751633986928105,33.333333333333336,61.08125683672657
25430,Mount Alexander,1529.6183,Bus,TRUE,2,98,12,284,1386,951,435,4.75,27.75,23,0.06406827114973715,0.007845094426498427,14.142857142857142,0.45741324921135645,97.71001285434497,73.78412326194845,37.12574850299402,54.25867507886435,33.333333333333336,63.43748499150182
25430,Mount Alexander,1529.6183,Train,TRUE,2,1,3,738,738,426,312,5.5,25.583333333333332,20.083333333333332,6.537578688748689e-4,0.001961273606624607,738,0.7323943661971831,99.93431441853734,11.63044063426876,18.80053908355796,26.76056338028169,33.333333333333336,40.66538108695537
25430,Mount Alexander,1529.6183,Tram,FALSE,2,0,0,0,0,0,0,NA,NA,0,0,0,0,0,100,100,100,100,33.333333333333336,100
25490,Moyne,5481.686,All,TRUE,1,71,8,258,1262,754,508,5.4,23.5,18.1,0.012952219444893415,0.0014594050078753143,17.774647887323944,0.6737400530503979,99.59504931481709,71.8942916362321,59.131736526946106,32.62599469496021,66.66666666666667,69.59258174739554
25490,Moyne,5481.686,Bus,TRUE,1,71,8,258,1262,754,508,5.4,23.5,18.1,0.012952219444893415,0.0014594050078753143,17.774647887323944,0.6737400530503979,99.55147243652033,70.46085896332636,59.131736526946106,32.62599469496021,66.66666666666667,69.22332935959491
25490,Moyne,5481.686,Train,FALSE,1,0,0,0,0,0,0,NA,NA,0,0,0,0,0,100,100,100,100,66.66666666666667,100
25490,Moyne,5481.686,Tram,FALSE,1,0,0,0,0,0,0,NA,NA,0,0,0,0,0,100,100,100,100,66.66666666666667,100
25620,Murrindindi,3879.7505,All,TRUE,1,66,6,205,1622,976,646,5.283333333333333,21.05,15.766666666666667,0.017011403181725216,0.001546491198338656,24.575757575757574,0.6618852459016393,99.45999078940686,67.34736227649974,69.61077844311377,33.81147540983606,66.66666666666667,70.69571526657481
25620,Murrindindi,3879.7505,Bus,TRUE,1,66,6,205,1622,976,646,5.283333333333333,21.05,15.766666666666667,0.017011403181725216,0.001546491198338656,24.575757575757574,0.6618852459016393,99.4018802181443,65.68202948489653,69.61077844311377,33.81147540983606,66.66666666666667,70.26485442585837
25620,Murrindindi,3879.7505,Train,FALSE,1,0,0,0,0,0,0,NA,NA,0,0,0,0,0,100,100,100,100,66.66666666666667,100
25620,Murrindindi,3879.7505,Tram,FALSE,1,0,0,0,0,0,0,NA,NA,0,0,0,0,0,100,100,100,100,66.66666666666667,100
25710,Nillumbik,432.3373,All,TRUE,2,238,16,10684,116383,75190,41193,3.1,27.333333333333332,24.23333333333333,0.5504961057026538,0.03700814155984228,489.0042016806723,0.5478521079930841,85.21863319145068,23.916744372224343,31.586826347305408,45.214789200691584,33.333333333333336,45.38342804048357
25710,Nillumbik,432.3373,Bus,TRUE,2,232,15,9021,111789,72303,39486,5.133333333333334,24.833333333333332,19.7,0.536618052617713,0.03469513271235214,481.8491379310345,0.5461184183228912,83.96431303169018,20.263777153449443,51.94610778443114,45.38815816771088,33.333333333333336,48.25446782832776
25710,Nillumbik,432.3373,Train,TRUE,2,6,1,1663,4594,2887,1707,3.1,27.333333333333332,24.23333333333333,0.013878053084940854,0.0023130088474901424,765.6666666666666,0.5912712157949428,98.6147527764408,11.138721438957992,2.0215633423180734,40.87287842050572,33.333333333333336,38.97361298538917
25710,Nillumbik,432.3373,Tram,FALSE,2,0,0,0,0,0,0,NA,NA,0,0,0,0,0,100,100,100,100,33.333333333333336,100
25810,Northern Grampians,5729.8765,All,TRUE,1,90,15,454,2215,1368,847,5.516666666666667,27,21.483333333333334,0.015707144822405858,0.0026178574704009763,24.61111111111111,0.6191520467836257,99.50332764619256,67.32704474777407,43.93712574850299,38.08479532163743,66.66666666666667,66.20773754643787
25810,Northern Grampians,5729.8765,Bus,TRUE,1,90,15,454,2215,1368,847,5.516666666666667,27,21.483333333333334,0.015707144822405858,0.0026178574704009763,24.61111111111111,0.6191520467836257,99.44988056854297,65.66067573217212,43.93712574850299,38.08479532163743,66.66666666666667,65.77778352312498
25810,Northern Grampians,5729.8765,Train,FALSE,1,0,0,0,0,0,0,NA,NA,0,0,0,0,0,100,100,100,100,66.66666666666667,100
25810,Northern Grampians,5729.8765,Tram,FALSE,1,0,0,0,0,0,0,NA,NA,0,0,0,0,0,100,100,100,100,66.66666666666667,100
25900,Port Phillip,20.6141,All,TRUE,3,378,28,53242,576711,410093,166618,2.216666666666667,27.8,25.583333333333336,18.33696353466802,1.358293595160594,1525.6904761904761,0.4062932066628789,0,7.201434775904596,25.523952095808383,59.37067933371212,0,15.810751013194643
25900,Port Phillip,20.6141,Bus,TRUE,3,208,14,14031,193244,147171,46073,5.5,24.816666666666666,19.316666666666666,10.090180992621555,0.679146797580297,929.0576923076923,0.3130575996629771,10.034508082806502,10.130017108673053,53.66766467065869,68.69424003370229,0,26.078800237056967
25900,Port Phillip,20.6141,Train,TRUE,3,4,1,2161,4322,2922,1400,3.5,27.233333333333334,23.733333333333334,0.19404194216579912,0.04851048554144978,1080.5,0.4791238877481177,82.17572436184042,6.535789719560317,4.0431266846361185,52.08761122518823,0,30.799645541055643
25900,Port Phillip,20.6141,Tram,TRUE,3,166,13,37050,379145,260000,119145,2.216666666666667,27.8,25.583333333333336,8.052740599880664,0.6306363120388472,2284.0060240963853,0.45825,2.490196198237998,5.315431194511598,2.9709228824273,54.175,0,10.671841424672857
25990,Pyrenees,3434.5687,All,TRUE,2,19,10,314,438,244,194,6.6,23.233333333333334,16.633333333333333,0.005531990086557303,0.0029115737297670014,23.05263157894737,0.7950819672131147,99.84334255721375,68.25046798998493,65.7185628742515,20.491803278688526,33.333333333333336,63.24093570345325
25990,Pyrenees,3434.5687,Bus,TRUE,2,18,9,124,248,144,104,7.85,21.516666666666666,13.666666666666666,0.0052408327135806025,0.0026204163567903013,13.777777777777779,0.7222222222222222,99.83731694938605,74.16138076724691,79.04191616766467,27.77777777777778,33.333333333333336,68.47472432935784
25990,Pyrenees,3434.5687,Train,TRUE,2,1,1,190,190,100,90,6.6,23.233333333333334,16.633333333333333,2.911573729767001e-4,2.911573729767001e-4,190,0.9,99.97074099060242,29.73199785087193,32.749326145552565,9.999999999999998,33.333333333333336,45.4755499394791
25990,Pyrenees,3434.5687,Tram,FALSE,2,0,0,0,0,0,0,NA,NA,0,0,0,0,0,100,100,100,100,33.333333333333336,100
26080,Queenscliffe,8.6166,All,TRUE,1,35,3,440,7920,4680,3240,5.366666666666666,22.366666666666667,17,4.061926978158438,0.34816516955643756,226.28571428571428,0.6923076923076923,45.2619928895356,35.21585535929977,64.07185628742515,30.76923076923077,66.66666666666667,47.54921793507849
26080,Queenscliffe,8.6166,Bus,TRUE,1,35,3,440,7920,4680,3240,5.366666666666666,22.366666666666667,17,4.061926978158438,0.34816516955643756,226.28571428571428,0.6923076923076923,39.37161768747439,31.911768217559395,64.07185628742515,30.76923076923077,66.66666666666667,45.25060234912809
26080,Queenscliffe,8.6166,Train,FALSE,1,0,0,0,0,0,0,NA,NA,0,0,0,0,0,100,100,100,100,66.66666666666667,100
26080,Queenscliffe,8.6166,Tram,FALSE,1,0,0,0,0,0,0,NA,NA,0,0,0,0,0,100,100,100,100,66.66666666666667,100
26170,South Gippsland,3296.3307,All,TRUE,1,44,6,250,2100,1330,770,5.666666666666667,23.15,17.48333333333333,0.013348175290786206,0.0018202057214708463,47.72727272727273,0.5789473684210527,99.58185113910162,57.866392563571836,61.90119760479044,42.10526315789473,66.66666666666667,68.05808992031066
26170,South Gippsland,3296.3307,Bus,TRUE,1,44,6,250,2100,1330,770,5.666666666666667,23.15,17.48333333333333,0.013348175290786206,0.0018202057214708463,47.72727272727273,0.5789473684210527,99.5368540007141,55.717516301672724,61.90119760479044,42.10526315789473,66.66666666666667,67.509621570239
26170,South Gippsland,3296.3307,Train,FALSE,1,0,0,0,0,0,0,NA,NA,0,0,0,0,0,100,100,100,100,66.66666666666667,100
26170,South Gippsland,3296.3307,Tram,FALSE,1,0,0,0,0,0,0,NA,NA,0,0,0,0,0,100,100,100,100,66.66666666666667,100
26260,Southern Grampians,6654.0186,All,TRUE,1,88,7,190,1415,985,430,6.583333333333333,24.033333333333335,17.450000000000003,0.013225090774468228,0.0010519958570599727,16.079545454545453,0.4365482233502538,99.58595329427898,73.28609027180278,62.05089820359281,56.34517766497462,66.66666666666667,74.07996718198518
26260,Southern Grampians,6654.0186,Bus,TRUE,1,88,7,190,1415,985,430,6.583333333333333,24.033333333333335,17.450000000000003,0.013225090774468228,0.0010519958570599727,16.079545454545453,0.4365482233502538,99.5413975901783,71.92364138669241,62.05089820359281,56.34517766497462,66.66666666666667,73.72821603468243
26260,Southern Grampians,6654.0186,Train,FALSE,1,0,0,0,0,0,0,NA,NA,0,0,0,0,0,100,100,100,100,66.66666666666667,100
26260,Southern Grampians,6654.0186,Tram,FALSE,1,0,0,0,0,0,0,NA,NA,0,0,0,0,0,100,100,100,100,66.66666666666667,100
26350,Stonnington,25.651,All,TRUE,3,461,49,48451,466469,324166,142479,3.25,27.383333333333333,24.133333333333333,17.97200888854236,1.910256910061986,1011.8633405639913,0.43952481136207994,0.6434614053800075,13.236615359363103,32.03592814371258,56.047518863792,0,18.284332649497095
26350,Stonnington,25.651,Bus,TRUE,3,201,35,16030,102109,76419,25866,5.016666666666667,24.55,19.533333333333335,7.835951814744065,1.364469221472847,508.0049751243781,0.33847603344717936,18.534061472093697,19.44828200530301,52.69461077844311,66.15239665528206,0,29.957367523330113
26350,Stonnington,25.651,Train,TRUE,3,40,6,10848,41028,26523,14505,3.25,27.383333333333333,24.133333333333333,1.559393395968968,0.2339090093953452,1025.7,0.5468838366700599,5.546784566557195,7.231465472392748,2.425876010781677,45.31161633299401,0,10.476480161842922
26350,Stonnington,25.651,Tram,TRUE,3,220,8,21573,323332,221224,102108,4.966666666666667,26.75,21.78333333333333,8.576663677829325,0.31187867919379364,1469.6909090909091,0.4615593244855893,0,10.709896613619854,17.38305941845766,53.844067551441064,0,14.230696169812655
26430,Strathbogie,3303.2568,All,TRUE,2,16,6,481,847,489,358,6.05,20.85,14.8,0.004843704552428379,0.0018163892071606422,52.9375,0.7321063394683026,99.86646652758573,56.372205367995576,73.95209580838323,26.78936605316974,33.333333333333336,62.868492043547434
26430,Strathbogie,3303.2568,Bus,TRUE,2,12,4,212,418,259,159,8.566666666666666,20.716666666666665,12.149999999999999,0.0036327784143212844,0.0012109261381070947,34.833333333333336,0.6138996138996139,99.8972003090287,60.468873384064665,85.85329341317366,38.61003861003861,33.333333333333336,68.05368289741386
26430,Strathbogie,3303.2568,Train,TRUE,2,4,2,269,429,230,199,6.05,20.85,14.8,0.0012109261381070947,6.054630690535474e-4,107.25,0.8652173913043478,99.87836743101913,37.32876228151829,40.16172506738545,13.478260869565217,33.333333333333336,49.355866572046224
26430,Strathbogie,3303.2568,Tram,FALSE,2,0,0,0,0,0,0,NA,NA,0,0,0,0,0,100,100,100,100,33.333333333333336,100
26490,Surf Coast,1552.944,All,TRUE,2,115,16,2703,39623,23972,15651,5.433333333333334,24.716666666666665,19.28333333333333,0.07405289566140183,0.010303011570281994,344.54782608695655,0.6528867011513433,97.61708887404338,29.054150070920556,53.817365269461085,34.71132988486567,33.333333333333336,52.637982272863056
26490,Surf Coast,1552.944,Bus,TRUE,2,114,15,2513,39433,23872,15561,5.433333333333334,24.716666666666665,19.28333333333333,0.0734089574382592,0.009659073347139368,345.9035087719298,0.6518515415549598,97.38309546407498,25.37527705648354,53.817365269461085,34.81484584450401,33.333333333333336,51.675293060707446
26490,Surf Coast,1552.944,Train,TRUE,2,1,1,190,190,100,90,8.116666666666667,20.85,12.733333333333334,6.439382231426246e-4,6.439382231426246e-4,190,0.9,99.93530071883148,29.73199785087193,48.51752021563342,9.999999999999998,33.333333333333336,48.620328685552536
26490,Surf Coast,1552.944,Tram,FALSE,2,0,0,0,0,0,0,NA,NA,0,0,0,0,0,100,100,100,100,33.333333333333336,100
26610,Swan Hill,6115.5373,All,TRUE,2,86,13,321,2158,1328,830,4.833333333333333,25.016666666666666,20.183333333333334,0.014062541978118587,0.0021257330897156003,25.093023255813954,0.625,99.55805259198509,67.0528546902829,49.77544910179641,37.5,33.333333333333336,62.23281664092628
26610,Swan Hill,6115.5373,Bus,TRUE,2,85,12,245,2082,1288,794,4.833333333333333,25.016666666666666,20.183333333333334,0.013899024048140463,0.0019622151597374774,24.494117647058822,0.6164596273291926,99.51652651592124,65.7314535022216,49.77544910179641,38.35403726708074,33.333333333333336,62.020190414957106
26610,Swan Hill,6115.5373,Train,TRUE,2,1,1,76,76,40,36,6.866666666666667,23.65,16.78333333333333,1.635179299781231e-4,1.635179299781231e-4,76,0.9,99.98356669491066,41.88601699821882,32.14285714285715,9.999999999999998,33.333333333333336,48.3959673518538
26610,Swan Hill,6115.5373,Tram,FALSE,2,0,0,0,0,0,0,NA,NA,0,0,0,0,0,100,100,100,100,33.333333333333336,100
26670,Towong,6675.1725,All,TRUE,1,9,2,4,16,16,0,7.5,16.5,9,0.0013482797635566723,2.9961772523481606e-4,1.7777777777777777,0,99.98414550361264,100,100,100,66.66666666666667,94.99603637590316
26670,Towong,6675.1725,Bus,TRUE,1,9,2,4,16,16,0,7.5,16.5,9,0.0013482797635566723,2.9961772523481606e-4,1.7777777777777777,0,99.9824393959684,100,100,100,66.66666666666667,94.9956098489921
26670,Towong,6675.1725,Train,FALSE,1,0,0,0,0,0,0,NA,NA,0,0,0,0,0,100,100,100,100,66.66666666666667,100
26670,Towong,6675.1725,Tram,FALSE,1,0,0,0,0,0,0,NA,NA,0,0,0,0,0,100,100,100,100,66.66666666666667,100
29399,Unincorporated Vic,283.1903,All,TRUE,1,4,2,30,48,34,14,8.75,22.5,13.75,0.014124777578893064,0.007062388789446532,12,0.4117647058823529,99.55598005736624,77.30049665914721,78.66766467065868,58.82352941176471,66.66666666666667,78.7711815250248
29399,Unincorporated Vic,283.1903,Bus,TRUE,1,4,2,30,48,34,14,8.75,22.5,13.75,0.014124777578893064,0.007062388789446532,12,0.4117647058823529,99.50819892324434,76.1427884339577,78.66766467065868,58.82352941176471,66.66666666666667,78.46980918519695
29399,Unincorporated Vic,283.1903,Train,FALSE,1,0,0,0,0,0,0,NA,NA,0,0,0,0,0,100,100,100,100,66.66666666666667,100
29399,Unincorporated Vic,283.1903,Tram,FALSE,1,0,0,0,0,0,0,NA,NA,0,0,0,0,0,100,100,100,100,66.66666666666667,100
26700,Wangaratta,3645.1096,All,TRUE,2,142,16,753,3686,2907,779,5.416666666666667,22.2,16.78333333333333,0.03895630463347385,0.0043894427756026875,25.95774647887324,0.2679738562091503,98.73904134769195,66.57331956299939,65.04491017964072,73.20261437908498,33.333333333333336,70.31746442046372
26700,Wangaratta,3645.1096,Bus,TRUE,2,140,15,634,3448,2787,661,5.416666666666667,22.2,16.78333333333333,0.038407624286523515,0.0041151026021275195,24.62857142857143,0.23717258701112306,98.62310815910038,65.65014046447338,65.04491017964072,76.28274129888769,33.333333333333336,70.51970538665473
26700,Wangaratta,3645.1096,Train,TRUE,2,2,1,119,238,120,118,7.366666666666666,21.033333333333335,13.666666666666668,5.486803469503359e-4,2.7434017347516797e-4,119,0.9833333333333333,99.9448690685629,35.95012051841048,44.74393530997305,1.6666666666666718,33.333333333333336,48.17253445873795
26700,Wangaratta,3645.1096,Tram,FALSE,2,0,0,0,0,0,0,NA,NA,0,0,0,0,0,100,100,100,100,33.333333333333336,100
26730,Warrnambool,120.9487,All,TRUE,2,185,16,1019,11158,6409,4749,6.116666666666666,22.783333333333335,16.666666666666668,1.5295741086923629,0.13228749048150165,60.31351351351351,0.7409892338898424,68.68865119031956,54.486961745001395,65.5688622754491,25.90107661101576,33.333333333333336,52.79283718057243
26730,Warrnambool,120.9487,Bus,TRUE,2,183,15,829,10778,6209,4569,6.116666666666666,22.783333333333335,16.666666666666668,1.5130381723821753,0.12401952232640781,58.89617486338798,0.7358672894185859,65.56454637932845,52.527269174871094,65.5688622754491,26.413271058141408,33.333333333333336,51.59871700236092
26730,Warrnambool,120.9487,Train,TRUE,2,2,1,190,380,200,180,6.45,22.616666666666667,16.166666666666668,0.016535936310187706,0.008267968155093853,190,0.9,98.35161900800763,29.73199785087193,34.636118598382744,9.999999999999998,33.333333333333336,45.44812793439644
26730,Warrnambool,120.9487,Tram,FALSE,2,0,0,0,0,0,0,NA,NA,0,0,0,0,0,100,100,100,100,33.333333333333336,100
26810,Wellington,10817.4231,All,TRUE,2,158,18,618,3439,2120,1319,5.15,22.666666666666668,17.516666666666666,0.014606066393021089,0.0016639822473061999,21.765822784810126,0.6221698113207547,99.53995674443134,69.0591967169265,61.751497005988035,37.78301886792453,33.333333333333336,65.16754059672576
26810,Wellington,10817.4231,Bus,TRUE,2,155,17,507,3106,1940,1166,5.15,22.666666666666668,17.516666666666666,0.014328736018470055,0.0015715387891225222,20.038709677419355,0.6010309278350515,99.50067690137118,68.70079630773735,61.751497005988035,39.896907216494846,33.333333333333336,65.38520378594897
26810,Wellington,10817.4231,Train,TRUE,2,3,1,111,333,180,153,6.983333333333333,22.383333333333333,15.399999999999999,2.773303745510333e-4,9.244345818367778e-5,111,0.85,99.97213030177409,36.87314771955196,37.73584905660378,15.000000000000002,33.333333333333336,49.008489316652266
26810,Wellington,10817.4231,Tram,FALSE,2,0,0,0,0,0,0,NA,NA,0,0,0,0,0,100,100,100,100,33.333333333333336,100
26890,West Wimmera,9108.6794,All,TRUE,1,8,3,42,86,50,36,7.5,17.7,10.2,8.78283189986904e-4,3.29356196245089e-4,10.75,0.72,99.99999999999999,78.7874625459736,94.61077844311377,28.000000000000004,66.66666666666667,77.81902132511615
26890,West Wimmera,9108.6794,Bus,TRUE,1,8,3,42,86,50,36,7.5,17.7,10.2,8.78283189986904e-4,3.29356196245089e-4,10.75,0.72,100,77.70559177907144,94.61077844311377,28.000000000000004,66.66666666666667,77.54855363339061
26890,West Wimmera,9108.6794,Train,FALSE,1,0,0,0,0,0,0,NA,NA,0,0,0,0,0,100,100,100,100,66.66666666666667,100
26890,West Wimmera,9108.6794,Tram,FALSE,1,0,0,0,0,0,0,NA,NA,0,0,0,0,0,100,100,100,100,66.66666666666667,100
26980,Whitehorse,64.2801,All,TRUE,3,897,66,48404,724354,539796,184558,2.0833333333333335,31.616666666666667,29.533333333333335,13.954552030877363,1.0267563367200734,807.5295429208472,0.34190323751935914,8.67918052408084,16.55071117511435,7.784431137724554,65.80967624806408,0,17.73581058955332
26980,Whitehorse,64.2801,Bus,TRUE,3,827,61,35996,621723,470811,150912,2.0833333333333335,31.616666666666667,29.533333333333335,12.865568037386375,0.9489717657564316,751.7811366384523,0.3205362661450136,1.6801888987707514,13.399077263494359,7.784431137724554,67.94637338549863,0,15.518658775935982
26980,Whitehorse,64.2801,Train,TRUE,3,15,2,3118,16734,11040,5694,4.083333333333333,27.4,23.316666666666666,0.2333537128909258,0.031113828385456774,1115.6,0.5157608695652174,78.92001935535671,6.108485814108025,5.727762803234507,48.423913043478265,0,29.666265809534824
26980,Whitehorse,64.2801,Tram,TRUE,3,55,3,9290,85897,57945,27952,2.1333333333333333,27.916666666666668,25.783333333333335,0.8556302806000612,0.04667074257818516,1561.7636363636364,0.4823884718267322,72.63681660494497,9.966492413186188,2.212389380530969,51.76115281732678,0,28.857478053237998
27070,Whittlesea,489.6938,All,TRUE,3,934,36,23960,427504,257751,169753,2.75,32,29.25,1.907314325809312,0.07351532733312123,457.7130620985011,0.6585929831504048,63.98847612908026,24.88734073506312,9.05688622754492,34.14070168495952,0,29.15143671428876
27070,Whittlesea,489.6938,Bus,TRUE,3,912,32,17808,400623,239438,161185,2.75,32,29.25,1.8623882924390711,0.0653469576294411,439.2796052631579,0.6731805310769385,60.69578477435771,21.690516354495024,9.05688622754492,32.681946892306144,0,27.310244561568087
27070,Whittlesea,489.6938,Train,TRUE,3,15,3,2521,14126,9542,4584,3.8166666666666664,27.7,23.883333333333333,0.030631386388800513,0.0061262772777601025,941.7333333333333,0.4804024313561098,96.96755075066227,8.372947965731655,3.4366576819407064,51.959756864389014,0,34.81641974514497
27070,Whittlesea,489.6938,Tram,TRUE,3,7,1,3631,12755,8771,3984,2.783333333333333,28.533333333333335,25.75,0.01429464698144024,0.002042092425920034,1822.142857142857,0.4542241477596625,99.371785157181,8.079858047107239,2.338811630847031,54.577585224033754,0,35.517310910846525
27170,Wodonga,433.0021,All,TRUE,2,149,29,668,3487,2331,1156,4.583333333333333,22.85,18.26666666666667,0.34410918561364945,0.0669742710254754,23.40268456375839,0.49592449592449594,90.04256728621542,68.03794963992658,58.38323353293413,50.4075504075504,33.333333333333336,63.75790849925489
27170,Wodonga,433.0021,Bus,TRUE,2,148,28,549,3368,2271,1097,4.583333333333333,22.85,18.26666666666667,0.34179972799208136,0.06466481340390728,22.756756756756758,0.48304711580801407,89.03536918615627,66.82253247983425,58.38323353293413,51.69528841919859,33.333333333333336,63.39541538596424
27170,Wodonga,433.0021,Train,TRUE,2,1,1,119,119,60,59,6.933333333333334,21.483333333333334,14.55,0.0023094576215681173,0.0023094576215681173,119,0.9833333333333333,99.76815163932613,35.95012051841048,41.17250673854448,1.6666666666666718,33.333333333333336,47.414069387143044
27170,Wodonga,433.0021,Tram,FALSE,2,0,0,0,0,0,0,NA,NA,0,0,0,0,0,100,100,100,100,33.333333333333336,100
27260,Wyndham,542.0943,All,TRUE,2,1000,36,19913,360574,182751,177823,1.9333333333333333,32.35,30.416666666666668,1.844697500047501,0.06640911000171004,360.574,0.9730343472812735,64.7237673905585,28.38733330481561,3.817365269461084,2.696565271872653,33.333333333333336,29.445733018516645
27260,Wyndham,542.0943,Bus,TRUE,2,986,32,15994,348880,175672,173208,1.9333333333333333,32.35,30.416666666666668,1.818871735046836,0.05903032000152003,353.8336713995943,0.9859738603761555,61.268813411791164,25.025874604727232,3.817365269461084,1.402613962384447,33.333333333333336,27.54753715237948
27260,Wyndham,542.0943,Train,TRUE,2,14,4,3919,11694,7079,4615,3.9166666666666665,27.733333333333334,23.816666666666666,0.025825765000665014,0.007378790000190004,835.2857142857143,0.6519282384517587,97.43728877371485,9.97587858705553,3.7061994609164466,34.80717615482413,33.333333333333336,37.815608155599506
27260,Wyndham,542.0943,Tram,FALSE,2,0,0,0,0,0,0,NA,NA,0,0,0,0,0,100,100,100,100,33.333333333333336,100
27350,Yarra,19.5421,All,TRUE,3,309,63,80626,566841,410534,156307,2.2666666666666666,28.183333333333334,25.916666666666668,15.812016108811232,3.223809109563455,1834.4368932038835,0.3807406938280386,4.725361542287425,4.492431325115648,24.026946107784433,61.92593061719614,0,16.398727030987075
27350,Yarra,19.5421,Bus,TRUE,3,128,39,28248,229124,178994,50130,2.5666666666666664,27.533333333333335,24.96666666666667,6.549961365462258,1.9956913535392817,1790.03125,0.28006525358391904,24.41733591293405,0,28.293413173652695,71.9934746416081,0,22.562037809205265
27350,Yarra,19.5421,Train,TRUE,3,29,12,17021,41346,26816,14530,3.0166666666666666,27.75,24.733333333333334,1.4839756218625428,0.6140588780120867,1425.7241379310344,0.541840692124105,8.552932700838353,2.829492235425374,0,45.8159307875895,0,9.717995852204357
27350,Yarra,19.5421,Tram,TRUE,3,152,12,35357,296371,204724,91647,2.2666666666666666,28.183333333333334,25.916666666666668,7.7780791214864315,0.6140588780120867,1949.8092105263158,0.44766124147632913,3.853872406298782,7.251260025736589,1.7067003792667481,55.233875852367085,0,11.402704561717256
27450,Yarra Ranges,2468.2052,All,TRUE,2,778,74,12173,194664,129412,65252,1.7666666666666666,32.05,30.28333333333333,0.3152088003055824,0.02998129977199627,250.2107969151671,0.5042190832380304,90.77661016648861,33.743768250051595,4.416167664670678,49.578091676196955,33.333333333333336,44.45004188849873
27450,Yarra Ranges,2468.2052,Bus,TRUE,2,769,72,9134,187130,125091,62039,1.7666666666666666,32.05,30.28333333333333,0.31156242600898826,0.029170994372753126,243.34200260078023,0.4959509477100671,89.88792589675958,30.793169015108663,4.416167664670678,50.40490522899329,33.333333333333336,43.61424304525019
27450,Yarra Ranges,2468.2052,Train,TRUE,2,9,2,3039,7534,4321,3213,3.6666666666666665,27.683333333333334,24.016666666666666,0.0036463742965941407,8.103053992431423e-4,837.1111111111111,0.7435778754917843,99.63418147921685,9.94670839116124,2.897574123989226,25.642212450821567,33.333333333333336,36.8210691600156
27450,Yarra Ranges,2468.2052,Tram,FALSE,2,0,0,0,0,0,0,NA,NA,0,0,0,0,0,100,100,100,100,33.333333333333336,100
27630,Yarriambiack,7325.797,All,TRUE,1,48,14,175,761,523,238,6.533333333333333,28.283333333333335,21.75,0.006552188110044546,0.001911054865429659,15.854166666666666,0.45506692160611856,99.80909659766942,73.48147228498789,42.739520958083844,54.49330783938815,66.66666666666667,70.04454258818933
27630,Yarriambiack,7325.797,Bus,TRUE,1,48,14,175,761,523,238,6.533333333333333,28.283333333333335,21.75,0.006552188110044546,0.001911054865429659,15.854166666666666,0.45506692160611856,99.78855341887216,72.12898817136711,42.739520958083844,54.49330783938815,66.66666666666667,69.7012857650848
27630,Yarriambiack,7325.797,Train,FALSE,1,0,0,0,0,0,0,NA,NA,0,0,0,0,0,100,100,100,100,66.66666666666667,100
27630,Yarriambiack,7325.797,Tram,FALSE,1,0,0,0,0,0,0,NA,NA,0,0,0,0,0,100,100,100,100,66.66666666666667,100
